DROP TABLE IF EXISTS post_tag CASCADE;
DROP TABLE IF EXISTS post CASCADE;
DROP TABLE IF EXISTS usuario CASCADE;

CREATE TABLE usuario (
    id BIGINT GENERATED BY DEFAULT AS IDENTITY PRIMARY KEY,
    username VARCHAR(50) NOT NULL,
    nome VARCHAR(200) NOT NULL,
    idade INT NOT NULL,
    url_imagem VARCHAR(1000) NOT NULL
);

CREATE TABLE post (
    id BIGINT GENERATED BY DEFAULT AS IDENTITY PRIMARY KEY,
    data_postagem TIMESTAMP NOT NULL,
    mensagem VARCHAR(2200) NOT NULL,
    usuario_id BIGINT NOT NULL,
    CONSTRAINT FK_POST_USUARIO FOREIGN KEY (usuario_id) REFERENCES usuario(id)
);

CREATE TABLE post_tag (
    post_id BIGINT NOT NULL,
    nome VARCHAR(255) NOT NULL,
    ordem INT NOT NULL,
    PRIMARY KEY (post_id, nome),
    CONSTRAINT FK_TAG_POST FOREIGN KEY (post_id) REFERENCES post(id)
);

INSERT INTO usuario (id, username, nome, idade, url_imagem) VALUES
(1, 'pixel_art_fan', 'Carlos Silva', 14, 'https://example.com/img/carlos.jpg'),
(2, 'rpg_quest', 'Ana Batista', 15, 'https://example.com/img/ana.png'),
(3, 'combo_master', 'Bruno Souza', 14, 'https://example.com/img/bruno.webp'),
(4, 'fazenda_virtual', 'João Pedro', 16, 'https://example.com/img/joao.jpg'),
(5, 'speed_run_pro', 'Mariana Costa', 15, 'https://example.com/img/mariana.png');

INSERT INTO post (id, data_postagem, mensagem, usuario_id) VALUES
(1, DATEADD('second', -TRUNC(RAND() * 50000000), CURRENT_TIMESTAMP), 'O level design de Super Mario World é genial. É incrível como um jogo de tantos anos ainda é tão divertido!', 1),
(2, DATEADD('second', -TRUNC(RAND() * 50000000), CURRENT_TIMESTAMP), 'Donkey Kong Country tem uma das melhores trilhas sonoras que eu já ouvi. A vibe da floresta é demais!', 1),
(3, DATEADD('second', -TRUNC(RAND() * 50000000), CURRENT_TIMESTAMP), 'Zerei Sonic 2 hoje! A fase da Chemical Plant é muito rápida, mal consegui piscar os olhos.', 1),
(4, DATEADD('second', -TRUNC(RAND() * 50000000), CURRENT_TIMESTAMP), 'Castlevania: Symphony of the Night tem um mapa gigante. Adoro descobrir passagens secretas nas paredes.', 1),
(5, DATEADD('second', -TRUNC(RAND() * 50000000), CURRENT_TIMESTAMP), 'Tentei passar do Mega Man X sem usar armadura extra, mas o desafio é bem grande. Vou treinar mais!', 1),
(6, DATEADD('second', -TRUNC(RAND() * 50000000), CURRENT_TIMESTAMP), 'Streets of Rage 2 é o melhor para jogar com os amigos. O estilo artístico dos anos 90 é muito estiloso.', 1);

INSERT INTO post (id, data_postagem, mensagem, usuario_id) VALUES
(7, DATEADD('second', -TRUNC(RAND() * 50000000), CURRENT_TIMESTAMP), 'Chrono Trigger é um dos melhores RPGs da história. Viajar no tempo para salvar o futuro é uma ideia incrível.', 2),
(8, DATEADD('second', -TRUNC(RAND() * 50000000), CURRENT_TIMESTAMP), 'O vilão do Final Fantasy VI é muito marcante. Ele realmente consegue mudar o mundo inteiro no meio do jogo.', 2),
(9, DATEADD('second', -TRUNC(RAND() * 50000000), CURRENT_TIMESTAMP), 'Earthbound tem um humor muito diferente e legal. É raro ver um RPG que se passa nos tempos modernos.', 2),
(10, DATEADD('second', -TRUNC(RAND() * 50000000), CURRENT_TIMESTAMP), 'O sistema de magias do Final Fantasy VII é muito bem feito. Dá para customizar os personagens de vários jeitos.', 2),
(11, DATEADD('second', -TRUNC(RAND() * 50000000), CURRENT_TIMESTAMP), 'Secret of Mana é muito divertido para jogar em dupla. Os gráficos coloridos do SNES são lindos.', 2),
(12, DATEADD('second', -TRUNC(RAND() * 50000000), CURRENT_TIMESTAMP), 'Escolhi o Charmander no Pokémon Red. É um clássico que nunca perde a graça, mesmo sendo em preto e branco.', 2);

INSERT INTO post (id, data_postagem, mensagem, usuario_id) VALUES
(13, DATEADD('second', -TRUNC(RAND() * 50000000), CURRENT_TIMESTAMP), 'Imagina como era legal a época dos fliperamas! Jogar Street Fighter II com a galera devia ser sensacional.', 3),
(14, DATEADD('second', -TRUNC(RAND() * 50000000), CURRENT_TIMESTAMP), 'Finalmente aprendi a fazer todos os golpes especiais no controle. Exige bastante coordenação!', 3),
(15, DATEADD('second', -TRUNC(RAND() * 50000000), CURRENT_TIMESTAMP), 'Mortal Kombat 3 tem personagens muito icônicos. O visual digitalizado dos atores era bem avançado para a época.', 3),
(16, DATEADD('second', -TRUNC(RAND() * 50000000), CURRENT_TIMESTAMP), 'Metal Slug tem as animações mais detalhadas que eu já vi em pixel art. Tudo se mexe na tela!', 3),
(17, DATEADD('second', -TRUNC(RAND() * 50000000), CURRENT_TIMESTAMP), 'The King of Fighters 97 tem times de personagens muito equilibrados. Gosto muito do estilo do Terry Bogard.', 3),
(18, DATEADD('second', -TRUNC(RAND() * 50000000), CURRENT_TIMESTAMP), 'Tartarugas Ninja: Turtles in Time é diversão garantida. É muito legal jogar as fases baseadas em diferentes épocas.', 3);

INSERT INTO post (id, data_postagem, mensagem, usuario_id) VALUES
(19, DATEADD('second', -TRUNC(RAND() * 50000000), CURRENT_TIMESTAMP), 'Harvest Moon do SNES é muito relaxante. Cuidar da fazenda e dos animais é um ótimo passatempo.', 4),
(20, DATEADD('second', -TRUNC(RAND() * 50000000), CURRENT_TIMESTAMP), 'Age of Empires II é pura estratégia. Você precisa equilibrar a economia e o exército ao mesmo tempo.', 4),
(21, DATEADD('second', -TRUNC(RAND() * 50000000), CURRENT_TIMESTAMP), 'Construir uma cidade inteira no SimCity 2000 é um desafio e tanto. O planejamento urbano é muito importante.', 4),
(22, DATEADD('second', -TRUNC(RAND() * 50000000), CURRENT_TIMESTAMP), 'Harvest Moon 64 tem um charme especial. Os festivais da cidade são os momentos mais legais do jogo.', 4),
(23, DATEADD('second', -TRUNC(RAND() * 50000000), CURRENT_TIMESTAMP), 'RollerCoaster Tycoon permite criar os parques de diversão mais malucos de todos. É muito divertido ver os visitantes.', 4),
(24, DATEADD('second', -TRUNC(RAND() * 50000000), CURRENT_TIMESTAMP), 'Jogos de simulação antigos mostram como é bom planejar cada passo da nossa jornada virtual.', 4);

INSERT INTO post (id, data_postagem, mensagem, usuario_id) VALUES
(25, DATEADD('second', -TRUNC(RAND() * 50000000), CURRENT_TIMESTAMP), 'Super Mario 64 foi o primeiro jogo que joguei em 3D. A liberdade de movimento é incrível até hoje.', 5),
(26, DATEADD('second', -TRUNC(RAND() * 50000000), CURRENT_TIMESTAMP), 'The Legend of Zelda: Ocarina of Time tem uma história épica. Atravessar o campo de Hyrule no cavalo é demais!', 5),
(27, DATEADD('second', -TRUNC(RAND() * 50000000), CURRENT_TIMESTAMP), 'Super Metroid tem uma atmosfera de mistério muito boa. Explorar o planeta Zebes dá uma sensação de aventura real.', 5),
(28, DATEADD('second', -TRUNC(RAND() * 50000000), CURRENT_TIMESTAMP), 'Doom clássico é muito rápido! É impressionante como eles conseguiram fazer um jogo assim nos computadores antigos.', 5),
(29, DATEADD('second', -TRUNC(RAND() * 50000000), CURRENT_TIMESTAMP), 'GoldenEye 007 é o rei do multiplayer de sofá. Disputar partidas com os amigos no N64 é inesquecível.', 5),
(30, DATEADD('second', -TRUNC(RAND() * 50000000), CURRENT_TIMESTAMP), 'Resident Evil 2 original é puro suspense. Você precisa economizar cada item para conseguir sobreviver.', 5);

INSERT INTO post_tag (post_id, nome, ordem) VALUES
(1, 'Plataforma', 0), (1, 'Nintendo', 1), (1, 'Retrô', 2),
(2, 'Trilha Sonora', 0), (2, 'SNES', 1),
(3, 'Sonic', 0), (3, 'Velocidade', 1), (3, 'Sega', 2),
(4, 'Aventura', 0), (4, 'Exploração', 1), (4, 'Clássico', 2),
(5, 'Ação', 0), (5, 'Desafio', 1),
(6, 'Luta de Rua', 0), (6, 'Multiplayer', 1), (6, 'Anos 90', 2),
(7, 'RPG', 0), (7, 'História', 1), (7, 'Clássico', 2),
(8, 'RPG', 0), (8, 'Vilão', 1),
(9, 'RPG', 0), (9, 'Divertido', 1),
(10, 'Customização', 0), (10, 'Fantasia', 1),
(11, 'Cooperativo', 0), (11, 'RPG de Ação', 1),
(12, 'Coleção', 0), (12, 'Pokémon', 1), (12, 'Portátil', 2),
(13, 'Luta', 0), (13, 'Arcade', 1), (13, 'Fliperama', 2),
(14, 'Habilidade', 0), (14, 'Luta', 1),
(15, 'Luta', 0), (15, 'Visual', 1),
(16, 'Tiro', 0), (16, 'PixelArt', 1), (16, 'Arcade', 2),
(17, 'Luta', 0), (17, 'Estratégia', 1),
(18, 'Beat em up', 0), (18, 'Nostalgia', 1),
(19, 'Fazenda', 0), (19, 'Simulador', 1),
(20, 'Estratégia', 0), (20, 'História', 1), (20, 'PC', 2),
(21, 'Cidades', 0), (21, 'Simulador', 1),
(22, 'Fazenda', 0), (22, 'N64', 1),
(23, 'Parque de Diversão', 0), (23, 'Criatividade', 1),
(24, 'Simulação', 0), (24, 'Planejamento', 1),
(25, 'Mundo 3D', 0), (25, 'Plataforma', 1), (25, 'Nintendo', 2),
(26, 'Épico', 0), (26, 'Zelda', 1), (26, 'Exploração', 2),
(27, 'Aventura', 0), (27, 'Ficção Científica', 1),
(28, 'Tiro em 1ª Pessoa', 0), (28, 'Clássico PC', 1),
(29, 'Multiplayer', 0), (29, 'Ação', 1), (29, 'Competitivo', 2),
(30, 'Suspense', 0), (30, 'Sobrevivência', 1);